---,Price,Health,Speed,Cd,Bullet damage,Bullet speed,Bullet range,Attack range,View range,Ability count,Ability cd,Ability duration,Ability params
Trooper,"40","240","200","0.120000","7.000000","1250","450","0","0","1","5.000000","3.500000","(""2"")"
Rifleman,"60","140","180","0.800000","55.000000","1500","520","0","0","2","10.000000","4.000000","(""700"",""0"",""1.5"",""80"")"
Tank,"80","600","120","0.500000","31.000000","1000","320","0","0","2","10.000000","5.000000",""
Shotguner,"100","220","200","1.000000","34.000000","1000","300","0","0","3","5.000000","0.000000","(""200"",""250"")"
Trooper_NPC,"10","100","180","0.110000","15.000000","1250","460","560","650","0","0.000000","0.000000",""
Rifleman_NPC,"10","80","180","1.000000","34.000000","1300","580","660","700","0","0.000000","0.000000",""
Tank_NPC,"10","400","120","0.500000","25.000000","1000","320","420","550","0","0.000000","0.000000",""
Shotguner_NPC,"50","80","200","1.300000","30.000000","1000","300","350","600","0","0.000000","0.000000",""
Machineguner_NPC,"100","100","0","0.100000","8.000000","2000","1000","1400","1400","0","0.000000","0.000000",""
