---,Price,Health,Speed,Cd,Bullet damage,Bullet speed,Bullet range,Attack range,View range
Trooper,"40","175","200","0.120000","7.000000","1250","450","0","0"
Rifleman,"60","75","180","0.800000","55.000000","1500","600","0","0"
Tank,"80","600","120","0.500000","25.000000","1000","320","0","0"
Shotguner,"100","220","220","1.000000","34.000000","1000","300","0","0"
Trooper_NPC,"10","100","180","0.100000","15.000000","1250","460","560","650"
Rifleman_NPC,"10","80","180","0.800000","34.000000","1300","560","660","700"
Tank_NPC,"10","400","120","0.500000","25.000000","1000","320","420","550"
Shotguner_NPC,"50","80","200","1.300000","30.000000","1000","300","350","600"
Machineguner_NPC,"100","100","0","0.100000","8.000000","2000","1000","1400","1400"
